a: Augsburg
aa: Aalen
ab: Aschaffenburg
abg: Altenburg
ac: Aachen
ae: Auerbach/Vogtl.
ah: Ahaus
aib: Bad Aibling
aic: Aichach
ak: Altenkirchen
al: Altena
alf: Alfeld (Leine)
als: Alsfeld
alz: Alzenau in Unterfranken
am: Amberg
an: Ansbach
ana: Annaberg-Buchholz
ang: Angermünde
ank: Anklam
ap: Apolda
ar: Arnsberg
arn: Arnstadt
art: Artern
asd: Aschendorf
asl: Aschersleben
at: Altentreptow
au: Aue (Sachsen)
aur: Aurich
aw: Ahrweiler
az: Alzey
aö: Altötting
b: Berlin
ba: Bamberg
bad: Baden-Baden
bb: Böblingen
bbg: Bernburg
bc: Biberach
bch: Buchen (Odenwald)
be: Beckum
bed: Brand-Erbisdorf
bei: Beilngries
bel: Belzig
ber: Bernau
bf: Burgsteinfurt
bgd: Berchtesgaden
bh: Bühl/Baden
bi: Bielefeld
bid: Biedenkopf
bin: Bingen
bir: Birkenfeld
bit: Bitburg
biw: Bischofswerda
bk: Backnang
bks: Bernkastel-Kues
bl: Balingen
blb: Bad Berleburg
bm: Bergheim
bn: Bonn
bna: Borna
bo: Bochum
bog: Bogen
boh: Bocholt
bor: Borken
bot: Bottrop
br: Bruchsal
bra: Brake
brb: Brandenburg
brg: Burg bei Magdeburg
bri: Brilon
brk: Bad Brückenau
brl: Braunlage
brv: Bremervörde
bs: Braunschweig
bsb: Bersenbrück
bsk: Beeskow
bt: Bayreuth
btf: Bitterfeld
bu: Burgdorf
bul: Burglengenfeld
bz: Bautzen
bza: Bergzabern
bö: Börde
büd: Büdingen
bür: Büren
büs: Büsingen
büz: Bützow
c: Chemnitz
ca: Calau
cas: Castrop-Rauxel
cb: Cottbus
ce: Celle
cha: Cham
clp: Cloppenburg
co: Coburg
coc: Cochem
coe: Coesfeld
cr: Crailsheim
cux: Cuxhaven
cw: Calw
d: Düsseldorf
da: Darmstadt
dah: Dachau
dan: Dannenberg
dau: Daun
dbr: Bad Doberan
dd: Dresden
de: Dessau
deg: Deggendorf
del: Delmenhorst
dgf: Dingolfing
dh: Diepholz
di: Dieburg
dil: Dillenburg
din: Dinslaken
diz: Diez
dkb: Dinkelsbühl
dl: Döbeln
dlg: Dillingen
dm: Demmin
dn: Düren
do: Dortmund
don: Donauwörth
ds: Donaueschingen
dt: Detmold
du: Duisburg
dud: Duderstadt
dw: Dippoldiswalde
dz: Delitzsch
düw: Bad Dürkheim an der Weinstraße
e: Essen
ea: Eisenach
eb: Eilenburg
ebe: Ebersberg
ebn: Ebern
ebs: Ebermannstadt
eck: Eckernförde
ed: Erding
ef: Erfurt
eg: Eggenfelden
eh: Eisenhüttenstadt
ehi: Ehingen
ei: Eichstätt
eic: Eichsfeld
eil: Eisleben
ein: Einbeck
eis: Eisenberg
em: Emmendingen
emd: Emden
ems: Bad Ems
er: Erlangen
erb: Erbach
erk: Erkelenz
es: Esslingen
esb: Eschenbach/Oberpfalz
esw: Eschwege
eu: Euskirchen
eut: Eutin
ew: Eberswalde
f: Frankfurt am Main
fal: Fallingbostel
fb: Friedberg (Hessen)
fd: Fulda
fdb: Friedberg (Bayern)
fds: Freudenstadt
feu: Feuchtwangen
ff: Frankfurt (Oder)
ffb: Fürstenfeldbruck
fg: Freiberg
fi: Finsterwalde
fkb: Frankenberg
fl: Flensburg
flö: Flöha
fn: Friedrichshafen
fo: Forchheim
for: Forst
fr: Freiburg
frg: Freyung-Grafenau
frw: Bad Freienwalde
fs: Freising
ft: Frankenthal
ftl: Freital
fw: Fürstenwalde
fz: Fritzlar
fü: Fürth
füs: Füssen
g: Gera
ga: Gardelegen
gan: Bad Gandersheim
gap: Garmisch-Partenkirchen
gc: Glauchau
gd: Schwäbisch Gmünd
gdb: Gadebusch
ge: Gelsenkirchen
gel: Geldern
gem: Gemünden am Main
geo: Gerolzhofen
ger: Germersheim
gf: Gifhorn
gg: Groß-Gerau
gha: Geithain
ghc: Gräfenhainichen
gi: Gießen
gk: Geilenkirchen
gl: Bergisch Gladbach
gla: Gladbeck
gm: Gummersbach
gmn: Grimmen
gn: Gelnhausen
gnt: Genthin
goa: St. Goar
goh: Sankt Goarshausen
gp: Göppingen
gr: Görlitz
gra: Grafenau
grh: Großenhain
gri: Griesbach im Rottal
grm: Grimma
grs: Gransee
grz: Greiz
gs: Goslar
gt: Gütersloh
gth: Gotha
gub: Guben
gun: Gunzenhausen
gv: Grevenbroich
gvm: Grevesmühlen
gz: Günzburg
gö: Göttingen
gü: Güstrow
h: Hannover
ha: Hagen
hab: Hammelburg
hal: Halle (Saale)
ham: Hamm
has: Haßfurt
hb: Bremen
hbn: Hildburghausen
hbs: Halberstadt
hc: Hainichen
hch: Hechingen
hd: Heidelberg
hdh: Heidenheim
hdl: Haldensleben
he: Helmstedt
heb: Hersbruck
hef: Bad Hersfeld
hei: Heide
her: Herne
het: Hettstedt
hf: Herford
hg: Bad Homburg
hgn: Hagenow
hgw: Greifswald
hh: Hamburg
hhm: Hohenmölsen
hi: Hildesheim
hig: Heiligenstadt
hip: Hilpoltstein
hl: Lübeck
hm: Hameln
hmü: Hann. Münden
hn: Heilbronn
ho: Hof
hog: Hofgeismar
hoh: Hofheim in Unterfranken
hol: Holzminden
hom: Homburg
hor: Horb
hot: Hohenstein-Ernstthal
hp: Heppenheim
hr: Homberg
hro: Rostock
hs: Heinsberg
hst: Stralsund
hu: Hanau
hus: Husum
hv: Havelberg
hw: Halle (Westf.)
hwi: Wismar
hx: Höxter
hy: Hoyerswerda
hz: Herzberg
hös: Höchstadt an der Aisch
hün: Hünfeld
igb: St. Ingbert
il: Ilmenau
ill: Illertissen
in: Ingolstadt
is: Iserlohn
iz: Itzehoe
j: Jena
jb: Jüterbog
je: Jessen (Elster)
jev: Jever
jül: Jülich
k: Köln
ka: Karlsruhe
kar: Karlstadt
kb: Korbach
kc: Kronach
ke: Kempten
keh: Kelheim
kel: Kehl
kem: Kemnath
kf: Kaufbeuren
kg: Bad Kissingen
kh: Bad Kreuznach
ki: Kiel
kib: Kirchheimbolanden
kl: Kaiserslautern
kle: Kleve
klz: Klötze
km: Kamenz
kn: Konstanz
ko: Koblenz
kr: Krefeld
kru: Krumbach
ks: Kassel
kt: Kitzingen
ku: Kulmbach
kus: Kusel
kw: Königs Wusterhausen
ky: Kyritz
kön: Königshofen im Grabfeld
köt: Köthen (Anhalt)
köz: Kötzting
kün: Künzelsau
l: Leipzig
la: Landshut
lan: Landau an der Isar
lat: Lauterbach
lau: Lauf
lb: Ludwigsburg
lbs: Lobenstein
lbz: Lübz
lc: Luckau
ld: Landau
le: Lemgo
leo: Leonberg
ler: Leer
lev: Leverkusen
lf: Laufen
lg: Lüneburg
lh: Lüdinghausen
li: Lindau
lib: Bad Liebenwerda
lif: Lichtenfels
lin: Lingen
lip: Lippe
lk: Lübbecke
ll: Landsberg am Lech
lm: Limburg
ln: Lübben
loh: Lohr am Main
lp: Lippstadt
lr: Lahr
ls: Lüdenscheid
lsz: Bad Langensalza
lu: Ludwigshafen
luk: Luckenwalde
lwl: Ludwigslust
lö: Lörrach
löb: Löbau
lün: Lünen
m: München
ma: Mannheim
mab: Marienberg
mai: Mainburg
mak: Marktredwitz
mal: Mallersdorf
mar: Marktheidenfeld
mb: Miesbach
mc: Malchin
md: Magdeburg
me: Mettmann
med: Meldorf
meg: Melsungen
mei: Meißen
mel: Melle
mep: Meppen
mer: Merseburg
mes: Meschede
met: Mellrichstadt
mg: Mönchengladbach
mgh: Mergentheim
mgn: Meiningen
mh: Mülheim an der Ruhr
mhl: Mühlhausen/Thüringen
mi: Minden
mil: Miltenberg
mm: Memmingen
mn: Mindelheim
mo: Moers
mod: Marktoberdorf
mon: Monschau
mos: Mosbach
mr: Marburg
ms: Münster
mt: Montabaur
mw: Mittweida
my: Mayen
mz: Mainz
mzg: Merzig
mü: Mühldorf
müb: Münchberg
mül: Müllheim
mün: Münsingen
'n': Nürnberg
nab: Nabburg
nai: Naila
nau: Nauen
nb: Neubrandenburg
nd: Neuburg an der Donau
ndh: Nordhausen
ne: Neuss
nea: Neustadt an der Aisch
neb: Nebra
nec: Neustadt bei Coburg
nen: Neunburg vorm Wald
nes: Bad Neustadt an der Saale
neu: Neustadt im Schwarzwald
new: Neustadt an der Waldnaab
nh: Neuhaus am Rennweg
ni: Nienburg/Weser
nib: Niebüll
nk: Neunkirchen
nm: Neumarkt
nmb: Naumburg
nms: Neumünster
noh: Nordhorn
nom: Northeim
nor: Norden
np: Neuruppin
nr: Neuwied am Rhein
nrü: Neustadt am Rübenberge
nt: Nürtingen
nu: Neu-Ulm
nvp: Nordvorpommern
nw: Neustadt an der Weinstraße
ny: Niesky
nz: Neustrelitz
nö: Nördlingen
ob: Oberhausen
obb: Obernburg am Main
obg: Osterburg
oc: Oschersleben
och: Ochsenfurt
od: Bad Oldesloe
oe: Olpe
of: Offenbach
og: Offenburg
oha: Osterode am Harz
ohz: Osterholz
ol: Oldenburg
old: Oldenburg in Holstein
op: Opladen
or: Oranienburg
os: Osnabrück
ott: Otterndorf
otw: Ottweiler
ovi: Oberviechtach
ovp: Ostvorpommern
oz: Oschatz
p: Potsdam
pa: Passau
paf: Pfaffenhofen
pan: Pfarrkirchen
par: Parsberg
pb: Paderborn
pch: Parchim
pe: Peine
peg: Pegnitz
per: Perleberg
pf: Pforzheim
pi: Pinneberg
pir: Pirna
pk: Pritzwalk
pl: Plauen
plö: Plön
pn: Pößneck
pr: Prignitz
prü: Prüm
ps: Pirmasens
pw: Pasewalk
pz: Prenzlau
qft: Querfurt
qlb: Quedlinburg
r: Regensburg
ra: Rastatt
rc: Reichenbach im Vogtland
rd: Rendsburg
rdg: Ribnitz-Damgarten
re: Recklinghausen
reg: Regen
reh: Rehau
rei: Bad Reichenhall
rh: Roth
ri: Rinteln
rid: Riedenburg
rie: Riesa
rl: Rochlitz
rm: Röbel/Müritz
rn: Rathenow
ro: Rosenheim
rod: Roding
rof: Rotenburg an der Fulda
roh: Rotenburg in Hannover
rok: Rockenhausen
rol: Rottenburg an der Laaber
rot: Rothenburg ob der Tauber
row: Rotenburg an der Wümme
rs: Remscheid
rsl: Roßlau (Elbe)
rt: Reutlingen
ru: Rudolstadt
rv: Ravensburg
rw: Rottweil
ry: Rheydt
rz: Ratzeburg
rüd: Rüdesheim
s: Stuttgart
sab: Saarburg
sad: Schwandorf
san: Stadtsteinach
saw: Salzwedel
sb: Saarbrücken
sbg: Strasburg
sbk: Schönebeck (Elbe)
sc: Schwabach
scz: Schleiz
sdh: Sondershausen
sdl: Stendal
sdt: Schwedt/Oder
se: Bad Segeberg
seb: Sebnitz
see: Seelow
sef: Scheinfeld
sel: Selb
sf: Sonthofen
sfb: Senftenberg
sft: Staßfurt
sg: Solingen
sgh: Sangerhausen
sha: Schwäbisch Hall
shg: Schaumburg
shl: Suhl
si: Siegen
sig: Sigmaringen
sim: Simmern
sl: Schleswig
sle: Schleiden
slf: Saalfeld
slg: Saulgau
sln: Schmölln
sls: Saarlouis
slz: Bad Salzungen
slü: Schlüchtern
sm: Schmalkalden
smü: Schwabmünchen
sn: Schwerin
snh: Sinsheim
so: Soest
sob: Schrobenhausen
sog: Schongau
sol: Soltau
son: Sonneberg
sp: Speyer
spb: Spremberg
spr: Springe
sr: Straubing
srb: Strausberg
sro: Stadtroda
st: Steinfurt
sta: Starnberg
stb: Sternberg
std: Stade
ste: Staffelstein
sth: Stadthagen
stl: Stollberg/Erzgeb.
sto: Stockach
su: Siegburg
sul: Sulzbach-Rosenberg
sw: Schweinfurt
swa: Bad Schwalbach
sy: Syke
sz: Salzgitter
szb: Schwarzenberg/Erzgeb.
säk: Säckingen
söm: Sömmerda
süw: Südliche Weinstraße
tbb: Tauberbischofsheim
te: Tecklenburg
tet: Teterow
tg: Torgau
tir: Tirschenreuth
tp: Templin
tr: Trier
ts: Traunstein
tt: Tettnang
tut: Tuttlingen
töl: Bad Tölz
tön: Tönning
tü: Tübingen
ue: Uelzen
uem: Ueckermünde
uff: Uffenheim
ul: Ulm
un: Unna
usi: Usingen
vai: Vaihingen an der Enz
vb: Vogelsberg
vec: Vechta
ver: Verden
vib: Vilsbiburg
vie: Viersen
vit: Viechtach
vk: Völklingen
vl: Villingen
vof: Vilshofen
voh: Vohenstrauß
vs: Villingen-Schwenningen
w: Wuppertal
wa: Waldeck
waf: Warendorf
wan: Wanne-Eickel
war: Warburg
wat: Wattenscheid
wb: Wittenberg
wbs: Worbis
wd: Wiedenbrück
wda: Werdau
we: Weimar
web: Westerburg
weg: Wegscheid
wel: Weilburg
wem: Wesermünde
wen: Weiden
wer: Wertingen
wes: Wesel
wf: Wolfenbüttel
wg: Wangen
whv: Wilhelmshaven
wi: Wiesbaden
wil: Wittlich
wit: Witten
wiz: Witzenhausen
wk: Wittstock
wl: Winsen (Luhe)
wlg: Wolgast
wm: Weilheim
wms: Wolmirstedt
wn: Waiblingen
wnd: St. Wendel
wo: Worms
wob: Wolfsburg
woh: Wolfhagen
wol: Wolfach
wor: Wolfratshausen
wos: Wolfstein
wr: Wernigerode
wrn: Waren
ws: Wasserburg am Inn
wsf: Weißenfels
wst: Westerstede
wsw: Weißwasser
wt: Waldshut-Tiengen
wtl: Wittlage
wtm: Wittmund
wug: Weißenburg
wun: Wunsiedel
wur: Wurzen
ww: Westerwald
wz: Wetzlar
wzl: Wanzleben
wü: Würzburg
wüm: Waldmünchen
z: Zwickau
ze: Zerbst/Anhalt
zel: Zell (Mosel)
zi: Zittau
zig: Ziegenhain
zp: Zschopau
zr: Zeulenroda
zs: Zossen
zw: Zweibrücken
zz: Zeitz
öhr: Öhringen
üb: Überlingen
